{"cameraMode":{"drawMode":0,"name":"Shaded","section":"Shading Mode"},"sceneLighting":true,"audioPlay":false,"sceneViewState":{"m_AlwaysRefresh":false,"showFog":true,"showSkybox":true,"showFlares":true,"showImageEffects":true,"showParticleSystems":true,"showVisualEffectGraphs":true,"m_FxEnabled":true},"in2DMode":false,"pivot":{"x":2.7696588039398195,"y":-0.5032539367675781,"z":-5.893423080444336},"rotation":{"x":0.5259326696395874,"y":0.005061793141067028,"z":-0.0032215609680861236,"w":0.8505316376686096},"size":21.667449951171876,"orthographic":false}